time_ms,ax,ay,az,gx,gy,gz,mx,my,mz,qw,qx,qy,qz,heading
12985173.0,0.03,0.1,-0.98,0.12,2.07,0.49,86.42,135.63,-29.11,0.0198,0.5159,0.8554,0.0432,32.5
12985185.0,0.04,0.11,-0.97,0.06,1.65,0.37,86.12,136.38,-28.36,0.0198,0.5159,0.8553,0.0432,32.27
12985197.0,0.02,0.1,-0.97,0.18,1.34,0.37,87.02,135.93,-28.51,0.0198,0.5159,0.8553,0.0432,32.63
12985209.0,-0.0,0.1,-0.98,0.12,0.79,0.37,85.37,136.83,-29.71,0.0198,0.5159,0.8553,0.0432,31.96
12985221.0,-0.05,0.1,-1.01,0.12,0.55,0.18,85.82,137.43,-29.11,0.0197,0.516,0.8553,0.0432,31.98
12985233.0,-0.07,0.1,-1.0,0.18,0.73,0.12,85.97,136.23,-28.81,0.0197,0.516,0.8553,0.0432,32.25
12985245.0,-0.06,0.1,-1.02,0.24,1.16,0.37,87.02,136.23,-27.76,0.0196,0.516,0.8553,0.0433,32.57
12985257.0,-0.05,0.09,-1.01,0.18,1.59,0.43,85.82,135.63,-28.36,0.0197,0.516,0.8553,0.0433,32.32
12985269.0,-0.0,0.09,-1.0,0.12,2.01,0.43,86.12,136.83,-28.66,0.0197,0.516,0.8553,0.0433,32.19
12985281.0,0.01,0.09,-0.99,0.18,2.01,0.37,86.72,138.03,-28.51,0.0197,0.5161,0.8552,0.0433,32.14
12985293.0,0.03,0.1,-0.99,0.06,1.77,0.43,85.07,137.13,-28.36,0.0197,0.5161,0.8552,0.0432,31.81
12985305.0,0.02,0.1,-0.97,0.06,1.22,0.37,84.92,137.28,-29.26,0.0197,0.5161,0.8552,0.0432,31.74
12985317.0,-0.02,0.11,-0.97,0.24,0.91,0.3,85.52,136.23,-28.21,0.0197,0.5161,0.8552,0.0432,32.12
12985329.0,-0.04,0.11,-0.98,0.3,0.73,0.3,87.92,137.13,-27.61,0.0197,0.5161,0.8552,0.0432,32.67
12985341.0,-0.06,0.09,-1.04,0.37,0.73,0.24,86.27,136.98,-28.51,0.0196,0.5162,0.8552,0.0432,32.2
12985352.0,-0.07,0.07,-1.05,0.24,0.98,0.24,86.42,136.83,-28.36,0.0196,0.5162,0.8552,0.0432,32.28
12985364.0,-0.04,0.09,-0.97,0.12,1.34,0.67,86.87,137.43,-29.41,0.0196,0.5162,0.8552,0.0431,32.3
12985376.0,-0.01,0.09,-1.01,0.0,1.83,0.37,86.12,136.83,-28.36,0.0196,0.5162,0.8551,0.0432,32.19
12985388.0,0.01,0.09,-1.01,0.3,2.07,0.43,84.47,136.98,-30.61,0.0196,0.5163,0.8551,0.0431,31.66
12985400.0,0.03,0.1,-1.0,0.24,1.83,0.3,87.02,137.73,-29.26,0.0196,0.5163,0.8551,0.0431,32.29
12985412.0,0.02,0.11,-0.98,0.0,1.34,0.43,85.52,136.23,-28.51,0.0196,0.5163,0.8551,0.043,32.12
12985487.0,-0.06,0.11,-1.01,0.18,0.67,0.24,85.52,136.53,-28.81,0.0198,0.517,0.8547,0.0429,32.06
12985498.0,-0.06,0.09,-1.01,0.3,0.91,0.3,86.27,137.28,-27.46,0.0198,0.5171,0.8546,0.0429,32.15
12985510.0,-0.07,0.1,-1.02,0.3,1.34,0.37,85.52,135.93,-28.51,0.0198,0.5171,0.8546,0.0429,32.18
12985521.0,-0.04,0.08,-1.04,0.12,1.77,0.37,87.02,136.98,-28.51,0.0198,0.5171,0.8546,0.0429,32.43
12985533.0,0.01,0.08,-0.99,0.18,2.01,0.43,85.37,136.83,-28.36,0.0198,0.5171,0.8546,0.0429,31.96
12985544.0,0.03,0.1,-0.99,0.0,2.01,0.43,87.17,137.88,-28.66,0.0198,0.5171,0.8546,0.0429,32.3
12985555.0,0.03,0.1,-0.95,0.06,1.71,0.49,86.27,136.98,-28.21,0.0198,0.5172,0.8546,0.0428,32.2
12985567.0,0.01,0.1,-0.97,0.12,1.04,0.43,85.52,137.73,-29.26,0.0198,0.5172,0.8546,0.0428,31.84
12985578.0,-0.02,0.11,-1.0,0.0,0.67,0.18,86.42,136.38,-28.36,0.0198,0.5172,0.8546,0.0429,32.36
12985590.0,-0.04,0.1,-0.97,0.43,0.67,0.43,85.07,136.38,-29.71,0.0198,0.5172,0.8545,0.0429,31.95
12985601.0,-0.07,0.11,-1.0,0.06,0.85,0.24,85.37,135.03,-28.36,0.0198,0.5173,0.8545,0.0429,32.3
12985613.0,-0.06,0.1,-1.03,0.18,1.22,0.43,86.27,136.23,-28.51,0.0198,0.5173,0.8545,0.043,32.34
12985624.0,-0.04,0.08,-1.04,0.24,1.59,0.43,86.27,136.23,-28.51,0.0198,0.5173,0.8545,0.043,32.34
12985635.0,0.01,0.1,-0.99,0.24,2.01,0.55,86.27,138.33,-28.81,0.0198,0.5173,0.8545,0.0429,31.95
12985647.0,0.02,0.11,-1.0,-0.06,1.95,0.43,85.52,136.98,-28.81,0.0198,0.5174,0.8545,0.0429,31.98
12985658.0,0.02,0.11,-0.98,0.12,1.65,0.24,86.27,136.23,-28.51,0.0199,0.5174,0.8545,0.043,32.34
12985670.0,0.01,0.1,-0.98,0.12,1.22,0.37,86.27,136.98,-28.21,0.0199,0.5174,0.8544,0.043,32.2
12985681.0,-0.01,0.11,-0.99,0.12,0.73,0.24,85.82,137.13,-28.36,0.0199,0.5174,0.8544,0.043,32.04
12985693.0,-0.04,0.1,-1.0,0.18,0.67,0.24,85.52,137.73,-28.21,0.0198,0.5174,0.8544,0.043,31.84
12985704.0,-0.06,0.1,-1.0,0.18,0.73,0.3,85.22,138.03,-27.76,0.0198,0.5175,0.8544,0.043,31.69
12985716.0,-0.06,0.09,-1.01,0.3,1.22,0.24,86.72,137.73,-28.81,0.0197,0.5175,0.8544,0.043,32.2
12985727.0,-0.05,0.1,-1.04,0.12,1.65,0.55,86.27,137.28,-28.21,0.0198,0.5175,0.8544,0.0431,32.15
12985738.0,0.0,0.09,-1.0,0.12,2.01,0.43,87.02,138.78,-28.21,0.0198,0.5175,0.8544,0.043,32.09
12985750.0,0.02,0.09,-0.99,0.06,2.01,0.37,86.42,137.13,-28.36,0.0198,0.5175,0.8543,0.043,32.22
12985761.0,0.03,0.1,-0.97,0.06,1.65,0.43,86.27,137.28,-28.21,0.0198,0.5176,0.8543,0.043,32.15
12985773.0,0.02,0.11,-0.97,0.0,1.34,0.49,85.07,136.38,-28.66,0.0198,0.5176,0.8543,0.043,31.95
12985784.0,-0.01,0.11,-0.99,0.12,0.73,0.37,86.12,136.83,-28.06,0.0198,0.5176,0.8543,0.0431,32.19
12985795.0,-0.05,0.09,-0.99,0.18,0.55,0.3,86.27,136.23,-29.26,0.0197,0.5176,0.8543,0.0431,32.34
12985807.0,-0.07,0.1,-1.01,0.18,0.79,0.37,85.97,136.98,-27.46,0.0197,0.5177,0.8543,0.0431,32.11
12985818.0,-0.06,0.09,-1.01,0.24,1.34,0.37,85.52,135.93,-28.51,0.0197,0.5177,0.8543,0.0431,32.18
12985830.0,-0.05,0.09,-1.02,0.18,1.65,0.43,85.82,135.63,-28.36,0.0197,0.5177,0.8542,0.0431,32.32
12985841.0,0.0,0.09,-0.99,0.06,2.01,0.37,85.97,136.53,-27.46,0.0197,0.5177,0.8542,0.0431,32.2
12985853.0,0.02,0.1,-0.98,0.0,2.01,0.49,85.97,138.33,-28.51,0.0197,0.5178,0.8542,0.0431,31.86
12985864.0,0.04,0.09,-0.96,0.0,1.77,0.3,86.87,135.33,-28.36,0.0197,0.5178,0.8542,0.0431,32.7
12985875.0,0.01,0.11,-0.97,0.12,1.34,0.37,85.82,136.08,-28.06,0.0196,0.5178,0.8542,0.0431,32.24
12985887.0,-0.02,0.1,-0.99,0.12,0.67,0.3,87.17,136.08,-28.06,0.0197,0.5178,0.8542,0.0431,32.64
12985898.0,-0.05,0.1,-1.0,0.12,0.55,0.24,87.02,136.98,-28.51,0.0196,0.5178,0.8542,0.0431,32.43
12985910.0,-0.07,0.1,-1.0,0.18,0.73,0.3,86.12,137.88,-29.41,0.0196,0.5179,0.8542,0.0431,31.99
12985921.0,-0.07,0.09,-1.0,0.24,1.04,0.24,85.22,136.23,-28.81,0.0196,0.5179,0.8541,0.0431,32.03
12985933.0,-0.05,0.09,-1.02,0.12,1.59,0.43,85.97,136.53,-28.21,0.0196,0.5179,0.8541,0.0431,32.2
12985944.0,-0.01,0.09,-1.02,0.12,2.01,0.49,86.12,135.33,-27.61,0.0196,0.5179,0.8541,0.0431,32.47
12985955.0,0.02,0.1,-1.0,0.06,2.01,0.43,85.52,136.98,-28.51,0.0196,0.5179,0.8541,0.0431,31.98
12985967.0,0.03,0.09,-0.98,0.0,1.83,0.3,86.87,138.48,-29.41,0.0196,0.518,0.8541,0.0431,32.1
12985978.0,0.01,0.1,-0.98,0.18,1.22,0.37,86.87,136.08,-28.36,0.0196,0.518,0.8541,0.0431,32.55
12985990.0,-0.01,0.1,-0.99,0.06,0.85,0.37,85.82,136.83,-29.41,0.0196,0.518,0.8541,0.0431,32.1
12986001.0,-0.05,0.1,-1.0,0.24,0.67,0.3,85.97,136.98,-28.81,0.0196,0.518,0.8541,0.0431,32.11
12986013.0,-0.07,0.1,-1.01,0.18,0.67,0.3,87.17,137.13,-29.11,0.0195,0.5181,0.854,0.0431,32.44
12986024.0,-0.06,0.1,-1.0,0.18,1.04,0.49,85.82,137.13,-28.66,0.0195,0.5181,0.854,0.0431,32.04
12986035.0,-0.06,0.1,-1.03,0.18,1.46,0.43,86.12,137.13,-28.66,0.0196,0.5181,0.854,0.0431,32.13
12986047.0,-0.01,0.08,-1.02,0.12,2.01,0.55,86.27,135.48,-29.26,0.0196,0.5181,0.854,0.0431,32.49
12986058.0,0.02,0.09,-1.01,0.0,2.07,0.43,85.37,136.08,-28.66,0.0196,0.5182,0.854,0.043,32.1
12986070.0,0.03,0.1,-0.97,0.12,1.71,0.3,85.82,136.83,-28.66,0.0196,0.5182,0.854,0.043,32.1
12986081.0,0.01,0.11,-0.98,0.06,1.34,0.37,85.97,135.18,-28.21,0.0196,0.5182,0.854,0.043,32.45
12986093.0,-0.02,0.1,-0.98,0.06,0.91,0.37,86.72,136.98,-28.81,0.0197,0.5182,0.8539,0.043,32.34
12986104.0,-0.04,0.11,-0.99,0.0,0.55,0.3,86.87,137.13,-28.06,0.0196,0.5182,0.8539,0.043,32.35
12986115.0,-0.07,0.1,-1.01,0.24,0.55,0.3,87.17,135.63,-28.06,0.0196,0.5183,0.8539,0.043,32.73
12986127.0,-0.06,0.09,-0.99,0.18,1.04,0.43,85.82,136.98,-28.21,0.0196,0.5183,0.8539,0.043,32.07
12986138.0,-0.06,0.09,-1.01,0.18,1.4,0.24,85.37,137.43,-26.26,0.0196,0.5183,0.8539,0.043,31.85
12986150.0,-0.02,0.09,-1.02,0.12,1.83,0.43,85.52,136.98,-29.26,0.0197,0.5183,0.8539,0.043,31.98
12986161.0,0.01,0.09,-1.01,0.12,2.07,0.43,86.27,136.23,-27.16,0.0197,0.5183,0.8539,0.043,32.34
12986172.0,0.02,0.09,-0.98,0.0,1.89,0.43,85.37,136.08,-28.06,0.0197,0.5184,0.8539,0.0429,32.1
12986184.0,0.02,0.1,-0.97,0.0,1.4,0.37,85.52,136.23,-28.21,0.0197,0.5184,0.8538,0.0429,32.12
12986195.0,-0.01,0.11,-0.98,0.06,0.98,0.3,85.52,136.23,-27.76,0.0197,0.5184,0.8538,0.0429,32.12
12986207.0,-0.03,0.1,-1.01,0.18,0.67,0.24,87.17,137.13,-29.11,0.0197,0.5184,0.8538,0.0429,32.44
12986218.0,-0.05,0.1,-1.01,0.3,0.67,0.24,84.32,136.38,-28.36,0.0197,0.5184,0.8538,0.0429,31.73
12986229.0,-0.08,0.1,-1.01,0.18,0.98,0.18,87.02,136.23,-27.16,0.0197,0.5185,0.8538,0.0429,32.57
12986241.0,-0.07,0.09,-1.03,0.3,1.4,0.37,87.02,138.33,-28.81,0.0197,0.5185,0.8538,0.0429,32.17
12986252.0,-0.02,0.09,-1.03,0.06,1.71,0.37,86.87,136.38,-29.11,0.0198,0.5185,0.8538,0.0429,32.5
12986264.0,0.0,0.09,-1.02,0.12,2.07,0.43,86.87,137.43,-27.31,0.0198,0.5185,0.8538,0.0429,32.3
12986275.0,0.02,0.1,-0.98,0.06,1.83,0.24,86.42,136.38,-28.36,0.0198,0.5185,0.8538,0.0429,32.36
12986287.0,0.03,0.1,-0.96,0.0,1.52,0.3,86.42,136.08,-27.01,0.0198,0.5185,0.8538,0.0429,32.42
12986298.0,0.0,0.1,-0.98,0.12,1.1,0.3,86.27,136.98,-28.21,0.0198,0.5186,0.8537,0.0429,32.2
12986309.0,-0.03,0.09,-1.0,0.12,0.67,0.37,85.52,135.93,-27.46,0.0198,0.5186,0.8537,0.0429,32.18
12986321.0,-0.05,0.1,-1.0,0.24,0.55,0.24,86.87,136.38,-27.61,0.0198,0.5186,0.8537,0.0429,32.5
12986332.0,-0.07,0.09,-1.02,0.24,0.91,0.3,85.82,135.63,-25.96,0.0198,0.5186,0.8537,0.0429,32.32
12986344.0,-0.07,0.11,-1.02,0.12,1.34,0.3,86.12,136.08,-28.36,0.0198,0.5186,0.8537,0.0429,32.33
12986355.0,-0.04,0.1,-1.02,0.12,1.83,0.43,86.72,136.53,-29.26,0.0198,0.5187,0.8537,0.0429,32.42
12986367.0,0.01,0.09,-1.01,0.12,1.89,0.3,86.42,136.08,-28.06,0.0198,0.5187,0.8537,0.0429,32.42
12986378.0,0.03,0.11,-0.98,0.12,1.89,0.43,85.37,137.13,-28.36,0.0199,0.5187,0.8536,0.0429,31.9
12986390.0,0.03,0.1,-0.96,0.12,1.52,0.37,88.22,136.38,-28.06,0.0199,0.5187,0.8536,0.0429,32.9
12986401.0,0.01,0.1,-0.98,0.06,1.1,0.43,84.32,137.13,-27.31,0.0199,0.5187,0.8536,0.0429,31.59
12986413.0,-0.01,0.1,-1.0,0.06,0.67,0.37,86.87,137.13,-29.11,0.0199,0.5188,0.8536,0.0429,32.35
12986424.0,-0.05,0.11,-1.0,0.18,0.55,0.3,86.87,136.38,-29.11,0.0198,0.5188,0.8536,0.043,32.5
12986435.0,-0.07,0.1,-1.0,0.12,0.85,0.24,86.12,134.58,-28.36,0.0198,0.5188,0.8536,0.043,32.62
12986447.0,-0.07,0.11,-1.01,0.18,1.22,0.37,86.72,136.53,-29.56,0.0198,0.5188,0.8536,0.043,32.42
12986458.0,-0.03,0.09,-1.02,0.18,1.77,0.43,86.12,137.13,-27.61,0.0199,0.5189,0.8535,0.043,32.13
12986470.0,0.01,0.08,-1.0,0.06,2.07,0.49,85.97,137.28,-27.76,0.0199,0.5189,0.8535,0.043,32.06
12986481.0,0.02,0.1,-1.0,0.0,1.89,0.43,85.37,137.88,-28.06,0.0198,0.5189,0.8535,0.043,31.76
12986493.0,0.03,0.1,-0.95,0.06,1.65,0.3,85.97,135.93,-27.76,0.0199,0.5189,0.8535,0.043,32.31
12986504.0,0.0,0.1,-0.96,0.12,1.04,0.37,87.17,137.13,-29.41,0.0198,0.5189,0.8535,0.043,32.44
12986516.0,-0.01,0.11,-1.0,0.18,0.73,0.37,87.17,136.08,-28.36,0.0198,0.519,0.8535,0.043,32.64
12986527.0,-0.05,0.11,-0.99,0.12,0.67,0.24,86.42,136.83,-29.11,0.0198,0.519,0.8535,0.043,32.28
12986539.0,-0.06,0.1,-1.01,0.24,0.67,0.18,86.72,138.33,-28.21,0.0198,0.519,0.8535,0.043,32.08
12986550.0,-0.07,0.1,-1.01,0.18,1.34,0.37,87.32,136.53,-28.21,0.0198,0.519,0.8534,0.0431,32.6
12986561.0,-0.05,0.1,-1.01,0.12,1.71,0.49,86.72,136.98,-27.46,0.0198,0.5191,0.8534,0.0431,32.34
12986573.0,0.01,0.08,-1.0,0.18,1.89,0.37,85.37,136.38,-27.31,0.0198,0.5191,0.8534,0.0431,32.05
12986584.0,0.02,0.09,-0.99,0.12,2.01,0.43,85.52,136.23,-27.46,0.0198,0.5191,0.8534,0.0431,32.12
12986596.0,0.03,0.09,-0.97,0.12,1.65,0.37,87.02,137.28,-28.51,0.0198,0.5191,0.8534,0.043,32.37
12986607.0,0.01,0.1,-0.98,0.06,1.16,0.37,87.17,136.38,-27.31,0.0198,0.5191,0.8534,0.043,32.59
12986619.0,-0.01,0.11,-0.99,0.06,0.73,0.37,86.27,136.23,-29.26,0.0198,0.5192,0.8534,0.043,32.34
12986630.0,-0.05,0.11,-0.98,0.18,0.67,0.3,87.32,136.53,-29.26,0.0198,0.5192,0.8533,0.0431,32.6
12986642.0,-0.06,0.1,-1.01,0.12,0.73,0.3,87.02,136.23,-27.46,0.0197,0.5192,0.8533,0.0431,32.57
12986653.0,-0.05,0.09,-1.01,0.24,1.1,0.3,85.52,137.28,-29.56,0.0197,0.5192,0.8533,0.0431,31.92
12986665.0,-0.05,0.1,-1.01,0.24,1.65,0.43,86.27,136.53,-29.56,0.0197,0.5193,0.8533,0.0432,32.29
12986676.0,-0.0,0.08,-0.99,0.18,2.01,0.49,86.12,136.38,-29.41,0.0197,0.5193,0.8533,0.0431,32.27
12986687.0,0.01,0.09,-1.0,0.06,2.01,0.43,86.12,134.73,-28.51,0.0197,0.5193,0.8533,0.0431,32.59
12986699.0,0.03,0.1,-0.98,0.06,1.83,0.37,86.87,136.83,-29.11,0.0198,0.5193,0.8533,0.0431,32.41
12986710.0,0.01,0.1,-0.96,0.12,1.22,0.3,86.27,137.73,-28.21,0.0197,0.5193,0.8533,0.0431,32.06
12986722.0,-0.01,0.1,-0.98,0.0,0.79,0.37,86.72,136.53,-27.16,0.0198,0.5194,0.8532,0.0431,32.42
12986733.0,-0.05,0.1,-0.99,0.12,0.55,0.3,85.97,136.23,-29.26,0.0197,0.5194,0.8532,0.0431,32.25
12986745.0,-0.07,0.09,-1.0,0.18,0.67,0.3,86.12,137.13,-28.66,0.0197,0.5194,0.8532,0.0431,32.13
12986756.0,-0.06,0.09,-1.01,0.24,1.04,0.3,87.02,135.93,-28.81,0.0197,0.5194,0.8532,0.0431,32.63
12986768.0,-0.06,0.1,-1.02,0.24,1.46,0.49,85.52,136.53,-28.81,0.0197,0.5195,0.8532,0.0431,32.06
12986780.0,-0.01,0.09,-1.02,0.18,2.01,0.49,84.62,136.08,-28.06,0.0197,0.5195,0.8532,0.0431,31.87
12986792.0,0.01,0.09,-1.0,0.0,2.01,0.49,86.42,136.38,-28.36,0.0197,0.5195,0.8532,0.0431,32.36
12986804.0,0.03,0.11,-0.98,0.06,1.77,0.37,87.32,136.98,-28.51,0.0198,0.5195,0.8531,0.0431,32.52
12986816.0,0.01,0.11,-0.98,0.0,1.34,0.3,85.97,137.28,-28.21,0.0198,0.5195,0.8531,0.0431,32.06
12986828.0,-0.0,0.1,-0.99,0.12,0.79,0.3,86.27,137.28,-28.81,0.0198,0.5196,0.8531,0.0431,32.15
12986839.0,-0.04,0.09,-0.99,0.18,0.55,0.3,86.42,138.18,-28.06,0.0198,0.5196,0.8531,0.0431,32.02
12986851.0,-0.06,0.1,-1.0,0.3,0.67,0.37,86.27,136.98,-29.26,0.0198,0.5196,0.8531,0.043,32.2
12986863.0,-0.07,0.09,-1.01,0.24,0.85,0.37,85.52,136.23,-27.76,0.0197,0.5196,0.8531,0.043,32.12
12986875.0,-0.06,0.1,-1.02,0.18,1.46,0.3,86.12,137.88,-27.61,0.0197,0.5196,0.8531,0.043,31.99
12986887.0,-0.02,0.09,-1.02,0.12,1.83,0.43,85.22,136.23,-28.51,0.0198,0.5197,0.8531,0.043,32.03
12986899.0,0.01,0.09,-1.01,0.06,2.01,0.49,86.87,136.83,-28.36,0.0198,0.5197,0.853,0.043,32.41
12986911.0,0.02,0.09,-0.98,0.0,1.77,0.37,86.87,135.03,-28.36,0.0198,0.5197,0.853,0.043,32.75
12986923.0,0.02,0.1,-0.97,0.0,1.34,0.37,87.02,137.28,-28.21,0.0198,0.5197,0.853,0.043,32.37
12986935.0,-0.0,0.11,-0.97,0.12,0.98,0.37,87.02,138.03,-29.56,0.0198,0.5198,0.853,0.043,32.23
12986947.0,-0.02,0.1,-1.0,0.12,0.55,0.37,86.72,136.23,-28.81,0.0198,0.5198,0.853,0.043,32.48
12986959.0,-0.06,0.11,-1.0,0.18,0.55,0.37,86.12,135.63,-28.66,0.0198,0.5198,0.853,0.043,32.41
12986971.0,-0.07,0.1,-1.02,0.18,0.91,0.3,85.37,136.83,-27.01,0.0198,0.5198,0.853,0.043,31.96
12986983.0,-0.07,0.1,-1.03,0.18,1.4,0.49,86.42,137.13,-29.11,0.0198,0.5199,0.8529,0.043,32.22
12986995.0,-0.04,0.09,-1.01,0.12,1.77,0.37,87.02,138.03,-28.51,0.0198,0.5199,0.8529,0.043,32.23
12987007.0,-0.0,0.09,-1.01,0.12,2.01,0.43,87.02,137.28,-28.21,0.0199,0.5199,0.8529,0.043,32.37
12987019.0,0.01,0.1,-0.98,0.0,2.01,0.37,86.12,135.63,-27.31,0.0199,0.5199,0.8529,0.0429,32.41
12987031.0,0.03,0.1,-0.97,0.0,1.52,0.43,85.97,135.93,-28.51,0.0199,0.5199,0.8529,0.043,32.31
12987042.0,-0.0,0.11,-0.98,0.12,0.98,0.24,86.27,138.03,-29.86,0.0199,0.52,0.8529,0.043,32.01
12987054.0,-0.02,0.11,-0.98,0.12,0.73,0.3,87.02,136.53,-28.81,0.0199,0.52,0.8529,0.043,32.51
12987066.0,-0.04,0.11,-0.99,0.18,0.55,0.37,87.02,136.23,-28.81,0.0198,0.52,0.8528,0.043,32.57
12987078.0,-0.06,0.1,-1.01,0.18,0.79,0.37,86.12,137.43,-29.11,0.0198,0.52,0.8528,0.0431,32.07
12987090.0,-0.06,0.1,-1.01,0.3,1.1,0.43,86.42,136.08,-28.36,0.0198,0.5201,0.8528,0.0431,32.42
12987102.0,-0.03,0.1,-1.02,0.18,1.65,0.37,86.42,137.43,-27.31,0.0198,0.5201,0.8528,0.0431,32.16
12987114.0,0.01,0.09,-1.0,0.18,2.01,0.37,86.87,137.43,-28.66,0.0198,0.5201,0.8528,0.0431,32.3
12987126.0,0.02,0.09,-0.99,0.06,2.01,0.43,85.97,135.48,-27.76,0.0198,0.5201,0.8528,0.0431,32.4
12987138.0,0.03,0.1,-0.97,0.06,1.65,0.49,86.12,135.63,-27.16,0.0198,0.5201,0.8528,0.0431,32.41
12987150.0,0.01,0.1,-0.96,0.0,1.34,0.37,86.27,137.28,-28.81,0.0198,0.5202,0.8528,0.0431,32.15
12987162.0,-0.02,0.1,-1.0,0.12,0.73,0.3,85.52,135.93,-28.21,0.0198,0.5202,0.8527,0.0431,32.18
12987174.0,-0.05,0.1,-1.0,0.18,0.67,0.24,87.32,138.03,-28.81,0.0198,0.5202,0.8527,0.0431,32.32
12987186.0,-0.07,0.1,-1.01,0.18,0.67,0.43,86.27,137.28,-27.46,0.0198,0.5202,0.8527,0.0431,32.15
12987198.0,-0.05,0.09,-1.01,0.06,1.1,0.3,85.82,138.93,-27.61,0.0198,0.5203,0.8527,0.0431,31.7
12987210.0,-0.05,0.09,-1.02,0.12,1.65,0.37,86.27,137.28,-28.51,0.0198,0.5203,0.8527,0.0431,32.15
12987222.0,0.0,0.09,-0.99,0.06,1.89,0.43,85.52,137.28,-28.81,0.0198,0.5203,0.8527,0.0431,31.92
12987234.0,0.02,0.09,-1.01,0.12,1.89,0.43,85.22,136.23,-27.16,0.0198,0.5203,0.8527,0.0431,32.03
12987246.0,0.03,0.1,-0.97,0.06,1.71,0.43,85.52,138.33,-28.21,0.0198,0.5203,0.8526,0.0431,31.73
12987257.0,0.02,0.11,-0.95,0.06,1.34,0.37,86.72,136.98,-28.81,0.0198,0.5204,0.8526,0.043,32.34
12987269.0,-0.01,0.11,-0.97,0.06,0.85,0.37,86.72,137.73,-28.51,0.0198,0.5204,0.8526,0.0431,32.2
12987281.0,-0.05,0.1,-1.0,0.18,0.67,0.24,86.27,136.53,-28.51,0.0198,0.5204,0.8526,0.0431,32.29
12987293.0,-0.07,0.1,-1.0,0.24,0.67,0.24,87.32,136.53,-29.56,0.0198,0.5204,0.8526,0.0431,32.6
12987305.0,-0.06,0.1,-1.02,0.24,0.98,0.37,86.42,136.38,-28.06,0.0197,0.5204,0.8526,0.0431,32.36
12987317.0,-0.06,0.09,-1.02,0.18,1.4,0.37,86.42,136.38,-28.66,0.0198,0.5205,0.8526,0.0431,32.36
12987329.0,-0.01,0.09,-1.02,0.12,1.89,0.37,86.42,136.83,-27.01,0.0198,0.5205,0.8526,0.043,32.28
12987341.0,0.01,0.1,-1.02,0.12,2.07,0.55,87.62,136.83,-29.11,0.0198,0.5205,0.8525,0.043,32.63
12987353.0,0.03,0.09,-0.98,0.06,1.83,0.3,86.72,136.23,-28.81,0.0199,0.5205,0.8525,0.043,32.48
12987365.0,0.02,0.1,-0.97,0.0,1.46,0.43,85.37,137.13,-29.11,0.0199,0.5205,0.8525,0.043,31.9
12987377.0,-0.01,0.11,-0.98,0.06,0.85,0.24,86.72,136.53,-27.16,0.0199,0.5206,0.8525,0.043,32.42
12987389.0,-0.03,0.11,-0.99,0.12,0.67,0.3,87.17,135.33,-28.66,0.0199,0.5206,0.8525,0.043,32.79
12987401.0,-0.07,0.1,-1.02,0.37,0.55,0.3,86.87,136.38,-27.01,0.0198,0.5206,0.8525,0.043,32.5
12987413.0,-0.07,0.1,-1.01,0.12,0.98,0.37,85.82,137.43,-28.36,0.0198,0.5206,0.8525,0.043,31.98
12987425.0,-0.07,0.1,-1.02,0.18,1.34,0.43,86.27,135.48,-28.21,0.0198,0.5207,0.8525,0.043,32.49
12987437.0,-0.03,0.1,-1.03,0.18,1.77,0.55,86.72,135.48,-28.81,0.0199,0.5207,0.8524,0.043,32.62
12987449.0,0.0,0.1,-1.0,0.06,2.07,0.43,86.72,136.23,-29.26,0.0199,0.5207,0.8524,0.043,32.48
12987461.0,0.03,0.09,-0.98,0.0,1.83,0.55,86.87,137.13,-27.31,0.0199,0.5207,0.8524,0.043,32.35
12987473.0,0.03,0.1,-0.95,0.0,1.46,0.37,86.87,135.63,-28.06,0.0199,0.5207,0.8524,0.043,32.64
12987485.0,0.0,0.11,-0.99,0.12,1.04,0.3,85.07,138.48,-27.61,0.0199,0.5208,0.8524,0.043,31.56
12987497.0,-0.01,0.11,-0.98,0.18,0.73,0.3,85.37,137.13,-29.11,0.0199,0.5208,0.8524,0.043,31.9
12987509.0,-0.04,0.1,-0.99,0.3,0.55,0.3,85.97,135.48,-28.21,0.0199,0.5208,0.8524,0.043,32.4
12987521.0,-0.08,0.1,-1.01,0.18,0.73,0.3,85.52,136.98,-29.26,0.0198,0.5208,0.8523,0.043,31.98
12987533.0,-0.06,0.1,-1.0,0.18,1.22,0.37,86.27,137.28,-28.81,0.0199,0.5209,0.8523,0.0431,32.15
12987544.0,-0.03,0.1,-1.03,0.12,1.71,0.37,85.97,136.98,-28.51,0.0199,0.5209,0.8523,0.0431,32.11
12987556.0,0.01,0.08,-0.99,0.06,2.01,0.3,87.02,136.53,-28.51,0.0199,0.5209,0.8523,0.0431,32.51
12987568.0,0.02,0.09,-0.97,0.12,2.01,0.43,85.37,138.18,-28.66,0.0199,0.5209,0.8523,0.0431,31.71
12987580.0,0.04,0.11,-0.96,0.0,1.71,0.24,85.97,135.93,-26.86,0.0199,0.5209,0.8523,0.0431,32.31
12987592.0,0.01,0.11,-0.98,0.12,1.16,0.37,85.22,136.23,-28.81,0.0199,0.521,0.8523,0.0431,32.03
12987604.0,-0.01,0.11,-0.98,0.06,0.67,0.18,87.17,138.18,-28.36,0.0199,0.521,0.8523,0.0432,32.25
12987616.0,-0.05,0.1,-0.99,0.12,0.67,0.24,86.27,135.48,-28.21,0.0199,0.521,0.8522,0.0432,32.49
12987628.0,-0.06,0.1,-1.01,0.12,0.67,0.18,86.42,135.03,-28.36,0.0199,0.521,0.8522,0.0432,32.62
12987640.0,-0.05,0.1,-1.0,0.18,1.1,0.3,86.12,137.43,-27.61,0.0198,0.521,0.8522,0.0432,32.07
12987652.0,-0.05,0.1,-1.02,0.12,1.59,0.37,86.27,136.23,-27.46,0.0198,0.521,0.8522,0.0432,32.34
12987664.0,-0.0,0.08,-1.03,0.18,2.01,0.37,86.42,136.83,-29.41,0.0198,0.5211,0.8522,0.0432,32.28
12987676.0,0.02,0.09,-0.99,0.0,2.01,0.37,85.52,137.73,-28.51,0.0199,0.5211,0.8522,0.0432,31.84
12987688.0,0.03,0.1,-0.97,0.0,1.83,0.43,87.17,136.38,-28.36,0.0199,0.5211,0.8522,0.0432,32.59
12987700.0,0.02,0.1,-0.97,0.06,1.16,0.3,87.32,138.33,-29.26,0.0199,0.5211,0.8522,0.0432,32.26
12987712.0,-0.02,0.11,-0.97,0.12,0.85,0.3,86.87,137.13,-29.71,0.0199,0.5211,0.8521,0.0432,32.35
12987724.0,-0.05,0.1,-1.0,0.18,0.49,0.18,85.52,137.73,-28.51,0.0199,0.5212,0.8521,0.0432,31.84
12987736.0,-0.07,0.1,-0.98,19.76,-1093.72,520.67,85.82,136.08,-28.36,0.0198,0.5212,0.8521,0.0432,32.24
12987748.0,-0.06,0.09,-1.01,0.24,1.46,0.37,85.82,137.88,-28.66,0.0198,0.5212,0.8521,0.0432,31.9
12987760.0,-0.02,0.09,-1.02,0.18,1.89,0.43,86.42,136.83,-27.61,0.0199,0.5212,0.8521,0.0432,32.28
12987772.0,0.01,0.09,-1.01,0.12,2.01,0.49,85.37,136.38,-26.56,0.0199,0.5213,0.8521,0.0432,32.05
12987784.0,0.02,0.1,-0.98,0.12,1.77,0.49,85.07,137.13,-28.66,0.0199,0.5213,0.8521,0.0431,31.81
12987796.0,0.01,0.11,-0.97,19.88,82.01,520.79,85.97,136.53,-28.81,0.0199,0.5213,0.852,0.0431,32.2
12987808.0,-0.02,0.1,-1.01,0.12,0.73,0.3,85.82,135.63,-28.06,0.0199,0.5213,0.852,0.0431,32.32
12987820.0,-0.06,0.1,-0.99,0.18,0.67,0.3,87.17,137.13,-28.66,0.0198,0.5214,0.852,0.0431,32.44
12987832.0,-0.08,0.1,-1.02,0.3,0.91,0.43,85.37,136.08,-28.66,0.0198,0.5214,0.852,0.0431,32.1
12987844.0,-0.07,0.1,-1.02,0.18,1.4,0.37,87.17,137.13,-28.06,0.0198,0.5214,0.852,0.0431,32.44
12987856.0,-0.03,0.1,-1.03,1092.8,1406.89,1493.48,86.42,137.43,-29.11,0.0199,0.5214,0.852,0.0431,32.16
12987868.0,0.02,0.1,-0.98,0.12,1.83,0.43,87.62,135.63,-29.11,0.0199,0.5215,0.8519,0.0431,32.86
12987880.0,0.02,0.1,-0.97,0.0,1.59,0.43,86.72,136.23,-29.26,0.0199,0.5215,0.8519,0.0431,32.48
12987892.0,0.0,0.1,-0.98,0.06,1.04,0.37,86.27,137.73,-29.26,0.02,0.5215,0.8519,0.0431,32.06
12987904.0,-0.02,0.1,-0.98,0.0,0.67,0.3,84.92,136.53,-28.51,0.02,0.5216,0.8519,0.0431,31.88
12987916.0,-0.05,0.1,-1.0,1084.7,626.4,1526.28,85.82,137.88,-29.71,0.0199,0.5216,0.8519,0.0431,31.9
12987928.0,-0.05,0.1,-1.02,0.24,1.34,0.24,87.17,136.08,-29.11,0.0199,0.5216,0.8519,0.0432,32.64
12987940.0,-0.04,0.1,-1.01,0.3,1.71,0.49,86.12,137.43,-28.36,0.0199,0.5216,0.8518,0.0432,32.07
12987952.0,-0.0,0.09,-0.99,0.12,2.01,0.55,85.37,136.08,-27.61,0.0199,0.5217,0.8518,0.0432,32.1
12987964.0,0.02,0.09,-0.98,0.06,2.01,0.37,86.12,136.08,-28.66,0.0199,0.5217,0.8518,0.0432,32.33
12987976.0,0.03,0.1,0.02,-480.43,521.16,-955.73,85.37,137.13,-28.66,0.0199,0.5217,0.8518,0.0431,31.9
12987988.0,-0.02,0.11,-0.97,0.06,0.85,0.43,85.52,137.28,-28.21,0.02,0.5217,0.8518,0.0432,31.92
12988000.0,-0.06,0.1,-1.0,0.18,0.67,0.37,85.82,136.83,-29.11,0.0199,0.5218,0.8518,0.0432,32.1
12988012.0,-0.06,0.1,-0.98,0.24,0.73,0.37,87.02,137.73,-28.51,0.0199,0.5218,0.8517,0.0432,32.29
12988024.0,-0.06,0.09,-0.99,0.18,1.34,0.49,85.52,137.28,-28.81,0.0199,0.5218,0.8517,0.0433,31.92
12988036.0,-0.05,0.1,1.1,782.5,1594.63,877.44,85.82,137.43,-28.36,0.0199,0.5218,0.8517,0.0433,31.98
12988049.0,0.02,0.09,-1.0,0.0,2.01,0.49,86.12,137.43,-27.31,0.0199,0.5219,0.8517,0.0432,32.07
12988060.0,0.03,0.1,-0.98,0.06,1.77,0.37,87.02,136.53,-27.46,0.0199,0.5219,0.8517,0.0432,32.51
12988072.0,0.0,0.11,-0.97,0.0,1.34,0.37,86.27,136.23,-28.51,0.0199,0.5219,0.8517,0.0432,32.34
12988084.0,-0.02,0.11,-0.98,0.06,0.91,0.3,86.12,136.83,-27.31,0.0199,0.5219,0.8517,0.0432,32.19
12988096.0,-0.04,0.1,0.0,610.61,521.46,1699.57,85.37,136.38,-29.71,0.0199,0.522,0.8516,0.0432,32.05
12988109.0,-0.07,0.1,-1.02,0.18,0.91,0.37,85.07,136.38,-27.61,0.0199,0.522,0.8516,0.0432,31.95
12988121.0,-0.06,0.09,-1.03,0.18,1.52,0.3,85.82,137.43,-29.41,0.0199,0.522,0.8516,0.0432,31.98
12988133.0,-0.02,0.09,-1.02,0.18,1.83,0.55,85.22,138.33,-26.86,0.0199,0.5221,0.8516,0.0432,31.64
12988144.0,0.01,0.1,-1.01,0.18,2.01,0.37,86.87,137.13,-28.06,0.02,0.5221,0.8516,0.0431,32.35
12988156.0,0.02,0.09,0.02,593.17,521.59,1838.78,86.87,136.38,-26.56,0.02,0.5221,0.8516,0.0431,32.5
12988169.0,-0.0,0.1,-0.97,0.0,0.91,0.24,86.27,137.28,-27.76,0.02,0.5221,0.8515,0.043,32.15
12988180.0,-0.03,0.1,-1.0,0.06,0.55,0.24,87.32,136.98,-28.81,0.0201,0.5222,0.8515,0.043,32.52
12988192.0,-0.06,0.09,-1.0,0.18,0.67,0.24,86.72,136.98,-28.51,0.02,0.5222,0.8515,0.043,32.34
12988204.0,-0.07,0.1,-1.01,0.18,0.91,0.37,86.72,136.23,-28.81,0.02,0.5222,0.8515,0.0431,32.48
12988216.0,-0.06,0.09,-1.03,19.94,-1158.23,521.71,85.52,137.73,-28.51,0.02,0.5222,0.8515,0.0431,31.84
12988229.0,0.01,0.1,-1.0,0.18,2.01,0.49,86.42,136.38,-29.41,0.02,0.5223,0.8515,0.043,32.36
12988241.0,0.02,0.1,-0.98,0.18,1.89,0.55,86.42,137.13,-29.11,0.02,0.5223,0.8514,0.043,32.22
12988253.0,0.03,0.1,-0.96,0.06,1.59,0.43,85.07,136.08,-29.41,0.02,0.5223,0.8514,0.043,32.01
12988265.0,0.0,0.11,-0.98,0.06,0.98,0.3,86.27,136.98,-28.81,0.02,0.5223,0.8514,0.043,32.2
12988277.0,-0.01,0.11,0.02,1323.9,521.83,-1807.13,85.52,135.93,-29.26,0.02,0.5224,0.8514,0.043,32.18
12988289.0,-0.06,0.1,-1.0,0.18,0.73,0.37,86.72,136.98,-27.16,0.02,0.5224,0.8514,0.0431,32.34
12988301.0,-0.07,0.1,-1.02,0.12,1.16,0.3,86.87,137.13,-29.41,0.0199,0.5224,0.8514,0.0431,32.35
12988313.0,-0.04,0.1,-1.01,0.12,1.77,0.3,86.72,134.73,-28.81,0.02,0.5224,0.8514,0.0431,32.77
12988325.0,0.0,0.09,-1.0,0.12,2.01,0.43,85.82,137.43,-28.36,0.02,0.5225,0.8513,0.0431,31.98
12988337.0,0.03,0.08,-0.63,521.95,-1709.7,850.43,85.22,136.23,-28.21,0.02,0.5225,0.8513,0.0431,32.03
12988411.0,0.0,0.11,-0.98,0.0,1.22,0.3,87.77,136.98,-29.26,0.0201,0.5232,0.8509,0.043,32.65
12988422.0,-0.02,0.11,-0.99,0.06,0.85,0.24,86.27,136.98,-27.16,0.0202,0.5232,0.8509,0.043,32.2
12988434.0,-0.05,0.11,-1.0,0.12,0.67,0.37,87.92,136.38,-29.11,0.0201,0.5232,0.8509,0.043,32.81
12988445.0,-0.07,0.1,-1.0,0.24,0.73,0.24,85.37,137.43,-30.16,0.0202,0.5233,0.8508,0.043,31.85
12988457.0,-0.06,0.1,-1.02,0.12,0.98,0.37,85.22,137.28,-27.76,0.0202,0.5233,0.8508,0.043,31.83
12988468.0,-0.05,0.1,-1.02,0.18,1.46,0.3,86.42,136.38,-26.56,0.0202,0.5233,0.8508,0.043,32.36
12988479.0,-0.01,0.08,-1.03,0.0,1.83,0.43,87.62,136.83,-27.61,0.0202,0.5233,0.8508,0.043,32.63
12988491.0,0.02,0.09,-1.01,0.06,1.89,0.55,87.17,136.83,-28.06,0.0202,0.5234,0.8508,0.043,32.5
12988502.0,0.02,0.09,-0.99,-0.06,1.71,0.37,85.52,137.28,-27.76,0.0202,0.5234,0.8508,0.043,31.92
12988514.0,0.01,0.11,-0.96,0.0,1.34,0.37,86.27,137.28,-26.86,0.0203,0.5234,0.8508,0.0429,32.15
12988525.0,-0.02,0.11,-0.97,0.06,0.91,0.3,86.27,136.53,-27.16,0.0203,0.5234,0.8508,0.0429,32.29
12988536.0,-0.03,0.11,-1.0,0.18,0.55,0.3,87.62,138.18,-27.61,0.0203,0.5234,0.8507,0.0429,32.38
12988548.0,-0.07,0.1,-1.0,0.18,0.73,0.3,84.62,137.13,-28.36,0.0203,0.5235,0.8507,0.0429,31.68
12988559.0,-0.06,0.1,-1.01,0.24,0.98,0.3,85.97,136.53,-28.21,0.0203,0.5235,0.8507,0.0429,32.2
12988571.0,-0.06,0.09,-1.02,0.18,1.4,0.37,86.27,136.98,-27.76,0.0203,0.5235,0.8507,0.0429,32.2
12988582.0,-0.02,0.09,-1.02,0.24,1.89,0.49,86.72,137.73,-29.56,0.0203,0.5235,0.8507,0.0429,32.2
12988594.0,-0.0,0.09,-1.01,0.06,2.01,0.43,85.52,138.03,-28.51,0.0203,0.5235,0.8507,0.0429,31.78
12988605.0,0.03,0.09,-0.98,0.06,1.89,0.37,87.77,135.93,-28.21,0.0203,0.5236,0.8507,0.0429,32.85
12988616.0,0.03,0.1,-0.97,0.0,1.4,0.37,85.97,136.53,-28.51,0.0203,0.5236,0.8507,0.0428,32.2
12988628.0,-0.0,0.1,-0.98,0.06,1.04,0.24,86.27,138.33,-29.56,0.0203,0.5236,0.8507,0.0428,31.95
12988639.0,-0.02,0.1,-1.0,0.12,0.67,0.18,85.52,137.28,-27.76,0.0203,0.5236,0.8506,0.0428,31.92
12988651.0,-0.06,0.1,-1.01,0.18,0.55,0.24,85.82,135.33,-27.61,0.0203,0.5236,0.8506,0.0429,32.38
12988662.0,-0.06,0.11,-1.01,0.24,0.91,0.3,85.52,137.73,-28.81,0.0203,0.5236,0.8506,0.0429,31.84
12988673.0,-0.06,0.1,-1.02,0.24,1.34,0.43,85.97,138.03,-28.51,0.0203,0.5237,0.8506,0.0429,31.92
12988685.0,-0.03,0.09,-1.02,0.06,1.65,0.24,86.42,136.83,-29.11,0.0203,0.5237,0.8506,0.0429,32.28
12988696.0,0.02,0.09,-1.0,0.12,2.01,0.43,87.77,137.28,-28.21,0.0203,0.5237,0.8506,0.0429,32.59
12988708.0,0.02,0.09,-0.98,0.06,1.89,0.49,85.97,136.53,-28.81,0.0203,0.5237,0.8506,0.0429,32.2
12988719.0,0.03,0.1,-0.95,0.06,1.52,0.49,87.17,137.13,-29.41,0.0203,0.5238,0.8505,0.0429,32.44
12988731.0,0.01,0.1,-0.96,0.0,1.04,0.3,84.62,136.38,-27.61,0.0203,0.5238,0.8505,0.0429,31.82
12988742.0,-0.01,0.11,-0.99,0.06,0.67,0.24,85.82,136.83,-29.11,0.0203,0.5238,0.8505,0.0429,32.1
12988753.0,-0.06,0.09,-1.0,0.18,0.67,0.24,87.62,136.38,-28.36,0.0202,0.5238,0.8505,0.0429,32.72
12988765.0,-0.07,0.09,-1.01,0.24,0.85,0.43,86.42,136.38,-29.11,0.0202,0.5238,0.8505,0.0429,32.36
12988776.0,-0.07,0.1,-1.01,0.24,1.34,0.43,85.97,136.23,-27.46,0.0202,0.5239,0.8505,0.0429,32.25
12988788.0,-0.05,0.09,-1.03,0.18,1.71,0.43,85.82,136.38,-28.36,0.0202,0.5239,0.8505,0.0429,32.18
12988799.0,0.01,0.08,-1.01,0.18,2.01,0.43,85.82,137.13,-26.56,0.0203,0.5239,0.8505,0.0429,32.04
12988811.0,0.03,0.09,-0.99,-0.12,2.01,0.43,85.82,136.38,-29.11,0.0203,0.5239,0.8504,0.0429,32.18
12988822.0,0.03,0.08,-0.97,0.0,1.65,0.37,86.72,136.98,-28.51,0.0203,0.5239,0.8504,0.0429,32.34
12988833.0,0.0,0.11,-0.98,0.12,1.34,0.3,85.37,135.63,-28.36,0.0202,0.524,0.8504,0.0429,32.19
12988845.0,-0.01,0.1,-0.97,0.06,0.73,0.3,85.37,137.88,-28.36,0.0203,0.524,0.8504,0.0429,31.76
12988856.0,-0.05,0.1,-1.0,0.18,0.67,0.24,84.17,137.73,-27.46,0.0202,0.524,0.8504,0.0429,31.43
12988868.0,-0.07,0.1,-0.99,0.24,0.73,0.18,86.42,137.43,-28.06,0.0202,0.524,0.8504,0.0429,32.16
12988879.0,-0.07,0.1,-1.02,0.24,1.22,0.3,87.32,137.28,-28.81,0.0202,0.5241,0.8504,0.043,32.46
12988891.0,-0.05,0.1,-1.02,0.12,1.59,0.43,85.07,138.48,-27.31,0.0202,0.5241,0.8504,0.043,31.56
12988902.0,-0.01,0.09,-1.01,0.18,2.01,0.43,85.52,137.73,-27.76,0.0202,0.5241,0.8503,0.043,31.84
12988913.0,0.01,0.09,-0.99,0.12,2.07,0.37,86.27,137.28,-27.46,0.0202,0.5241,0.8503,0.0429,32.15
12988925.0,0.03,0.09,-0.96,0.06,1.71,0.55,84.47,138.33,-29.26,0.0202,0.5241,0.8503,0.0429,31.41
12988936.0,0.01,0.11,-0.98,0.06,1.34,0.37,85.97,136.23,-29.26,0.0202,0.5242,0.8503,0.0429,32.25
12988948.0,-0.01,0.11,-0.99,0.06,0.85,0.3,85.22,136.23,-27.46,0.0202,0.5242,0.8503,0.0429,32.03
12988959.0,-0.05,0.1,-0.99,0.12,0.67,0.24,87.62,137.88,-28.06,0.0202,0.5242,0.8503,0.0429,32.43
12988971.0,-0.07,0.1,-1.01,0.24,0.67,0.24,85.82,136.83,-29.11,0.0202,0.5242,0.8503,0.0429,32.1
12988982.0,-0.05,0.1,-1.02,0.24,0.91,0.37,86.27,136.23,-29.26,0.0202,0.5242,0.8502,0.0429,32.34
12988994.0,-0.06,0.09,-1.02,0.12,1.52,0.24,86.72,134.73,-28.51,0.0202,0.5243,0.8502,0.0429,32.77
12989005.0,-0.01,0.09,-1.02,0.18,1.89,0.43,86.42,136.08,-29.11,0.0202,0.5243,0.8502,0.0429,32.42
12989016.0,0.02,0.09,-1.0,0.12,2.01,0.43,85.97,135.48,-29.26,0.0202,0.5243,0.8502,0.0428,32.4
12989028.0,0.02,0.09,-0.98,0.0,1.89,0.37,87.77,135.93,-28.51,0.0202,0.5243,0.8502,0.0428,32.85
12989039.0,0.01,0.11,-0.97,0.12,1.4,0.43,87.32,135.93,-28.51,0.0202,0.5243,0.8502,0.0428,32.72
12989051.0,-0.01,0.11,-0.97,0.0,0.91,0.37,84.47,135.93,-28.21,0.0203,0.5244,0.8502,0.0428,31.86
12989062.0,-0.03,0.11,-0.99,0.18,0.67,0.3,85.22,136.98,-27.76,0.0202,0.5244,0.8502,0.0428,31.89
12989073.0,-0.07,0.1,-1.01,0.24,0.67,0.3,85.37,136.38,-30.16,0.0202,0.5244,0.8501,0.0428,32.05
12989085.0,-0.07,0.09,-1.0,0.24,1.04,0.37,86.27,136.53,-28.51,0.0202,0.5244,0.8501,0.0428,32.29
12989096.0,-0.05,0.09,-1.02,0.24,1.46,0.37,85.52,136.98,-27.76,0.0202,0.5245,0.8501,0.0428,31.98
12989108.0,-0.02,0.09,-1.02,0.18,1.77,0.37,86.87,136.83,-28.66,0.0202,0.5245,0.8501,0.0428,32.41
12989119.0,-0.0,0.1,-0.99,0.0,2.07,0.37,86.12,137.43,-28.06,0.0202,0.5245,0.8501,0.0428,32.07
12989131.0,0.02,0.1,-0.97,0.06,1.83,0.37,86.72,136.53,-28.21,0.0203,0.5245,0.8501,0.0428,32.42
12989142.0,0.03,0.1,-0.97,0.12,1.4,0.3,84.92,138.03,-28.21,0.0203,0.5245,0.8501,0.0428,31.6
12989154.0,-0.0,0.11,-0.99,0.06,0.98,0.24,86.72,136.53,-29.26,0.0203,0.5245,0.8501,0.0428,32.42
12989165.0,-0.02,0.11,-0.99,0.18,0.49,0.3,85.37,136.08,-28.66,0.0203,0.5246,0.8501,0.0428,32.1
12989176.0,-0.04,0.11,-1.01,0.18,0.67,0.37,85.37,136.83,-28.06,0.0203,0.5246,0.85,0.0428,31.96
12989188.0,-0.07,0.11,-1.02,0.12,0.98,0.37,85.52,136.98,-27.76,0.0203,0.5246,0.85,0.0429,31.98
12989199.0,-0.06,0.1,-1.02,0.24,1.22,0.3,88.07,136.53,-27.76,0.0203,0.5246,0.85,0.0429,32.82
12989211.0,-0.04,0.1,-1.02,0.06,1.77,0.3,87.62,135.33,-28.66,0.0203,0.5246,0.85,0.0429,32.92
12989222.0,0.01,0.09,-1.0,0.06,2.01,0.37,85.82,136.08,-29.41,0.0203,0.5247,0.85,0.0429,32.24
12989234.0,0.02,0.1,-0.97,0.06,2.01,0.55,87.32,136.23,-29.56,0.0203,0.5247,0.85,0.0429,32.66
12989245.0,0.03,0.1,-0.95,0.0,1.59,0.43,85.97,137.73,-29.26,0.0204,0.5247,0.85,0.0429,31.97
12989257.0,0.01,0.11,-0.97,0.06,1.16,0.37,85.52,137.28,-29.56,0.0204,0.5247,0.8499,0.0429,31.92
12989268.0,-0.02,0.11,-0.98,0.18,0.67,0.37,86.12,137.88,-28.36,0.0204,0.5248,0.8499,0.0429,31.99
12989279.0,-0.05,0.1,-1.0,0.12,0.55,0.24,87.32,136.53,-29.26,0.0203,0.5248,0.8499,0.0429,32.6
12989291.0,-0.06,0.1,-1.01,0.18,0.79,0.37,84.32,136.38,-28.51,0.0203,0.5248,0.8499,0.0429,31.73
12989302.0,-0.07,0.09,-1.0,0.18,1.16,0.3,86.27,137.28,-27.76,0.0202,0.5248,0.8499,0.0429,32.15
12989314.0,-0.05,0.11,-1.02,0.18,1.65,0.3,86.12,137.43,-28.66,0.0203,0.5248,0.8499,0.0429,32.07
12989325.0,0.0,0.08,-0.99,0.12,1.89,0.49,85.07,136.08,-28.36,0.0203,0.5249,0.8499,0.0429,32.01
12989337.0,0.02,0.1,-0.99,0.12,2.01,0.43,86.12,136.83,-29.71,0.0203,0.5249,0.8498,0.0429,32.19
12989348.0,0.04,0.1,-0.97,0.06,1.65,0.43,86.72,136.53,-27.46,0.0203,0.5249,0.8498,0.0429,32.42
12989360.0,0.0,0.11,-0.95,0.0,1.16,0.37,85.52,137.73,-28.51,0.0203,0.5249,0.8498,0.0429,31.84
12989371.0,-0.02,0.1,-0.98,0.0,0.85,0.3,85.37,136.83,-28.66,0.0203,0.5249,0.8498,0.0429,31.96
12989382.0,-0.05,0.1,-1.0,0.06,0.49,0.24,85.07,137.43,-27.01,0.0203,0.525,0.8498,0.0429,31.76
12989394.0,-0.07,0.1,-1.01,0.3,0.73,0.3,86.42,136.08,-28.36,0.0203,0.525,0.8498,0.0429,32.42
12989405.0,-0.06,0.08,-1.0,0.12,1.04,0.3,86.87,136.08,-29.71,0.0203,0.525,0.8498,0.0429,32.55
12989416.0,-0.05,0.1,-1.03,0.12,1.52,0.37,86.42,136.08,-28.06,0.0203,0.525,0.8498,0.0429,32.42
12989428.0,0.0,0.08,-1.02,0.18,2.01,0.49,85.82,136.08,-29.11,0.0203,0.5251,0.8497,0.0429,32.24
12989439.0,0.01,0.09,-1.0,0.06,2.07,0.49,84.92,136.53,-28.51,0.0203,0.5251,0.8497,0.0429,31.88
12989451.0,0.03,0.1,-0.98,0.0,1.71,0.49,86.27,136.23,-29.26,0.0203,0.5251,0.8497,0.0429,32.34
12989462.0,0.01,0.11,-0.96,0.12,1.22,0.3,87.62,136.83,-28.66,0.0203,0.5251,0.8497,0.0428,32.63
12989474.0,-0.02,0.11,-0.98,0.06,0.85,0.3,87.17,136.08,-27.61,0.0203,0.5251,0.8497,0.0428,32.64
12989485.0,-0.04,0.1,-1.0,0.12,0.55,0.37,86.87,136.08,-29.41,0.0203,0.5252,0.8497,0.0428,32.55
12989496.0,-0.07,0.1,-1.01,0.12,0.67,0.24,86.42,136.38,-28.36,0.0203,0.5252,0.8497,0.0428,32.36
12989508.0,-0.07,0.1,-1.01,0.12,1.04,0.43,85.52,136.53,-29.86,0.0203,0.5252,0.8496,0.0428,32.06
12989519.0,-0.06,0.1,-1.01,0.12,1.4,0.37,87.17,136.38,-27.31,0.0203,0.5252,0.8496,0.0429,32.59
12989531.0,-0.03,0.1,-1.03,0.12,1.89,0.43,87.62,136.38,-27.61,0.0203,0.5253,0.8496,0.0428,32.72
12989542.0,0.0,0.1,-0.99,0.0,2.07,0.49,84.62,138.48,-28.66,0.0203,0.5253,0.8496,0.0428,31.43
12989554.0,0.02,0.09,-1.0,0.12,1.77,0.43,85.97,135.93,-29.26,0.0204,0.5253,0.8496,0.0428,32.31
12989565.0,0.02,0.1,-0.96,0.0,1.46,0.3,87.17,136.83,-28.66,0.0204,0.5253,0.8496,0.0428,32.5
12989576.0,-0.0,0.11,-0.98,0.18,1.04,0.43,86.42,137.13,-29.71,0.0204,0.5253,0.8496,0.0428,32.22
12989588.0,-0.03,0.1,-0.99,0.12,0.67,0.3,86.42,135.03,-27.61,0.0204,0.5254,0.8496,0.0428,32.62
12989599.0,-0.05,0.09,-1.01,0.24,0.67,0.12,85.97,135.93,-27.46,0.0203,0.5254,0.8495,0.0428,32.31
12989611.0,-0.07,0.1,-1.02,0.24,0.79,0.37,86.27,136.23,-27.76,0.0203,0.5254,0.8495,0.0428,32.34
12989622.0,-0.06,0.1,-1.02,0.24,1.34,0.43,87.02,138.03,-28.81,0.0203,0.5254,0.8495,0.0428,32.23
12989634.0,-0.04,0.1,-1.02,0.12,1.83,0.37,85.37,136.83,-28.66,0.0203,0.5254,0.8495,0.0428,31.96
12989645.0,-0.0,0.09,-1.01,0.18,2.07,0.43,86.12,137.43,-29.11,0.0203,0.5255,0.8495,0.0428,32.07
12989657.0,0.02,0.1,-0.99,0.0,2.01,0.3,87.02,137.73,-27.76,0.0203,0.5255,0.8495,0.0428,32.29
12989668.0,0.03,0.11,-0.97,0.0,1.59,0.43,87.02,138.03,-28.81,0.0203,0.5255,0.8495,0.0428,32.23
12989679.0,0.01,0.11,-0.97,0.0,1.1,0.37,86.12,137.43,-28.36,0.0204,0.5255,0.8495,0.0428,32.07
12989690.0,-0.02,0.1,-0.99,0.12,0.73,0.24,86.42,136.08,-29.71,0.0203,0.5255,0.8494,0.0429,32.42
12989703.0,-0.06,0.1,-0.99,0.12,0.67,0.37,87.77,136.53,-27.76,0.0203,0.5256,0.8494,0.0429,32.74
12989714.0,-0.07,0.1,-1.0,0.12,0.85,0.24,86.42,137.13,-28.06,0.0202,0.5256,0.8494,0.0429,32.22
12989726.0,-0.07,0.1,-1.0,0.24,1.34,0.49,85.07,137.43,-29.41,0.0202,0.5256,0.8494,0.043,31.76
12989738.0,-0.04,0.11,-1.03,0.12,1.77,0.37,85.82,137.88,-28.36,0.0203,0.5256,0.8494,0.043,31.9
12989750.0,0.01,0.09,-0.99,0.12,2.01,0.49,87.02,135.93,-27.46,0.0203,0.5257,0.8494,0.043,32.63
12989762.0,0.03,0.08,-0.98,0.06,1.89,0.43,87.92,136.83,-28.66,0.0203,0.5257,0.8494,0.043,32.72
12989774.0,0.05,0.1,-0.97,0.06,1.59,0.3,87.32,136.23,-26.86,0.0203,0.5257,0.8493,0.0429,32.66
12989786.0,0.02,0.1,-0.98,0.0,1.16,0.37,87.32,136.98,-27.76,0.0203,0.5257,0.8493,0.043,32.52
12989798.0,-0.01,0.1,-0.98,0.12,0.79,0.37,85.52,136.23,-28.81,0.0202,0.5257,0.8493,0.043,32.12
12989810.0,-0.05,0.1,-0.99,0.06,0.67,0.37,88.22,137.43,-29.11,0.0202,0.5258,0.8493,0.043,32.7
12989822.0,-0.07,0.1,-1.0,0.3,0.79,0.37,85.82,137.13,-29.41,0.0202,0.5258,0.8493,0.043,32.04
12989834.0,-0.06,0.1,-0.99,0.06,1.22,0.3,84.47,136.53,-28.81,0.0202,0.5258,0.8493,0.043,31.74
12989846.0,-0.05,0.1,-1.02,0.18,1.59,0.49,87.92,137.88,-28.36,0.0202,0.5258,0.8492,0.0431,32.52
12989858.0,0.01,0.09,-1.0,0.12,2.01,0.37,86.87,137.43,-27.61,0.0203,0.5259,0.8492,0.0431,32.3
12989870.0,0.01,0.09,-0.99,0.0,2.01,0.43,85.37,135.33,-27.31,0.0202,0.5259,0.8492,0.0431,32.24
12989882.0,0.03,0.09,-0.97,0.0,1.65,0.37,86.12,137.43,-28.06,0.0203,0.5259,0.8492,0.043,32.07
12989894.0,0.01,0.1,-0.97,0.06,1.34,0.37,86.27,136.23,-28.21,0.0202,0.5259,0.8492,0.043,32.34
12989906.0,-0.01,0.09,-0.98,0.12,0.91,0.43,85.52,136.53,-28.81,0.0202,0.5259,0.8492,0.043,32.06
12989918.0,-0.05,0.1,-0.99,0.18,0.67,0.3,86.42,136.38,-29.11,0.0202,0.526,0.8492,0.043,32.36
12989930.0,-0.08,0.11,-1.01,0.18,0.73,0.24,86.87,135.33,-28.66,0.0201,0.526,0.8492,0.043,32.7
12989941.0,-0.06,0.09,-0.99,0.18,1.1,0.43,85.82,137.13,-28.36,0.0201,0.526,0.8491,0.043,32.04
12989953.0,-0.05,0.1,-1.02,0.12,1.46,0.3,86.72,136.53,-27.76,0.0201,0.526,0.8491,0.043,32.42
12989965.0,-0.01,0.08,-1.01,0.18,2.01,0.37,86.12,136.38,-28.06,0.0202,0.5261,0.8491,0.043,32.27
12989977.0,0.01,0.09,-1.01,0.12,2.07,0.49,87.02,138.33,-28.21,0.0202,0.5261,0.8491,0.043,32.17
12989989.0,0.02,0.11,-0.98,0.0,1.83,0.43,86.87,137.88,-28.66,0.0202,0.5261,0.8491,0.0429,32.21
12990001.0,0.01,0.11,-0.98,0.0,1.34,0.37,85.82,136.83,-28.66,0.0202,0.5261,0.8491,0.0429,32.1
12990013.0,-0.02,0.11,-0.98,0.06,0.91,0.24,85.22,136.23,-29.56,0.0202,0.5261,0.8491,0.0429,32.03
12990025.0,-0.04,0.1,-1.0,0.24,0.67,0.24,86.87,135.63,-28.06,0.0202,0.5262,0.8491,0.0429,32.64
12990037.0,-0.08,0.11,-1.01,0.24,0.67,0.43,85.22,136.98,-28.81,0.0202,0.5262,0.849,0.0429,31.89
12990049.0,-0.07,0.1,-1.01,0.18,0.91,0.3,87.02,136.98,-28.21,0.0202,0.5262,0.849,0.0429,32.43
12990061.0,-0.06,0.09,-1.01,0.12,1.59,0.37,87.02,136.53,-28.21,0.0202,0.5262,0.849,0.0429,32.51
12990073.0,-0.02,0.1,-1.01,0.12,1.89,0.24,86.87,137.88,-28.36,0.0203,0.5262,0.849,0.0429,32.21
12990085.0,-0.0,0.1,-0.99,0.06,2.07,0.37,86.27,136.98,-28.51,0.0203,0.5263,0.849,0.0429,32.2
12990097.0,0.02,0.1,-0.98,0.06,2.01,0.3,87.92,137.43,-28.06,0.0203,0.5263,0.849,0.0429,32.61
12990109.0,0.02,0.1,-0.97,0.06,1.4,0.37,86.42,136.38,-28.66,0.0204,0.5263,0.849,0.0429,32.36
12990121.0,-0.0,0.11,-0.98,0.06,0.98,0.3,86.27,136.23,-27.76,0.0204,0.5263,0.849,0.0429,32.34
12990133.0,-0.02,0.11,-0.99,0.0,0.67,0.24,85.37,136.83,-27.61,0.0204,0.5263,0.849,0.0429,31.96
12990145.0,-0.05,0.11,-1.01,0.18,0.67,0.37,86.72,136.23,-27.16,0.0204,0.5264,0.8489,0.0429,32.48
12990157.0,-0.07,0.1,-1.02,0.18,0.91,0.3,85.22,136.53,-28.51,0.0203,0.5264,0.8489,0.0429,31.97
12990169.0,-0.06,0.1,-1.02,0.24,1.34,0.43,86.72,136.53,-28.21,0.0204,0.5264,0.8489,0.043,32.42
12990181.0,-0.03,0.09,-1.02,0.18,1.77,0.49,84.92,135.48,-28.81,0.0204,0.5264,0.8489,0.043,32.08
12990192.0,0.02,0.09,-1.0,0.12,2.01,0.49,86.42,137.13,-28.36,0.0204,0.5264,0.8489,0.0429,32.22
12990204.0,0.02,0.1,-0.99,0.06,2.01,0.43,85.97,137.73,-29.26,0.0204,0.5265,0.8489,0.0429,31.97
12990216.0,0.03,0.1,-0.97,0.06,1.52,0.37,86.27,137.73,-28.21,0.0204,0.5265,0.8489,0.0429,32.06
12990228.0,0.01,0.1,-0.97,0.06,1.1,0.3,86.42,136.38,-27.01,0.0204,0.5265,0.8488,0.0429,32.36
12990240.0,-0.01,0.11,-0.98,0.18,0.73,0.24,85.22,136.53,-29.26,0.0203,0.5265,0.8488,0.0429,31.97
12990252.0,-0.05,0.1,-0.98,0.12,0.67,0.24,85.97,136.53,-28.51,0.0203,0.5265,0.8488,0.043,32.2
12990264.0,-0.06,0.11,-1.01,0.12,0.79,0.24,85.07,136.38,-26.56,0.0203,0.5266,0.8488,0.043,31.95
12990276.0,-0.06,0.1,-1.01,0.24,1.34,0.43,87.32,135.93,-27.46,0.0203,0.5266,0.8488,0.0431,32.72
12990288.0,-0.04,0.09,-1.02,0.12,1.65,0.43,85.82,136.38,-27.61,0.0203,0.5266,0.8488,0.0431,32.18
12990300.0,0.01,0.09,-0.98,0.12,2.01,0.49,86.27,135.48,-29.86,0.0203,0.5266,0.8488,0.043,32.49
12990312.0,0.02,0.11,-0.97,0.12,2.01,0.37,86.87,135.48,-27.76,0.0203,0.5267,0.8487,0.0431,32.67
12990324.0,0.04,0.11,-0.97,0.0,1.52,0.37,87.77,138.03,-27.46,0.0203,0.5267,0.8487,0.0431,32.45
12990336.0,0.01,0.1,-0.98,0.12,1.22,0.3,87.02,136.98,-27.76,0.0203,0.5267,0.8487,0.0431,32.43
12990348.0,-0.01,0.09,-0.99,0.12,0.73,0.37,86.72,135.93,-28.81,0.0204,0.5267,0.8487,0.0431,32.54
12990360.0,-0.06,0.1,-0.98,0.12,0.67,0.37,86.42,136.38,-29.41,0.0203,0.5267,0.8487,0.0431,32.36
12990372.0,-0.07,0.1,-1.01,0.24,0.79,0.37,85.82,136.08,-29.41,0.0203,0.5268,0.8487,0.0431,32.24
12990384.0,-0.07,0.1,-0.99,0.24,1.16,0.3,85.52,135.48,-27.76,0.0203,0.5268,0.8487,0.0431,32.26
12990396.0,-0.06,0.1,-1.02,0.3,1.59,0.37,86.27,135.93,-28.81,0.0203,0.5268,0.8487,0.0431,32.4
12990408.0,0.0,0.09,-1.0,0.12,2.01,0.43,85.37,137.43,-29.41,0.0203,0.5268,0.8486,0.0431,31.85
12990420.0,0.02,0.09,-0.98,0.18,2.01,0.55,87.32,136.98,-28.51,0.0203,0.5268,0.8486,0.0431,32.52
12990432.0,0.03,0.11,-0.98,0.0,1.71,0.37,86.27,136.23,-27.76,0.0204,0.5269,0.8486,0.0431,32.34
12990443.0,0.0,0.1,-0.97,0.06,1.34,0.43,86.12,136.83,-29.11,0.0203,0.5269,0.8486,0.0431,32.19
12990455.0,-0.01,0.1,-0.98,0.06,0.79,0.43,85.82,136.83,-28.36,0.0203,0.5269,0.8486,0.0431,32.1
12990467.0,-0.04,0.1,-0.99,0.18,0.55,0.24,86.87,135.63,-28.36,0.0203,0.5269,0.8486,0.0431,32.64
12990479.0,-0.06,0.1,-1.0,0.24,0.79,0.18,84.92,136.23,-29.26,0.0202,0.527,0.8486,0.0432,31.94
12990491.0,-0.06,0.09,-1.01,0.3,1.1,0.37,87.32,136.23,-28.81,0.0202,0.527,0.8485,0.0432,32.66
12990503.0,-0.05,0.09,-1.01,0.12,1.52,0.37,86.42,136.83,-28.06,0.0202,0.527,0.8485,0.0432,32.28
12990515.0,-0.01,0.1,-1.02,0.12,1.89,0.37,87.32,136.98,-28.81,0.0202,0.527,0.8485,0.0431,32.52
12990527.0,0.03,0.09,-1.0,0.06,2.07,0.37,87.77,135.93,-28.81,0.0203,0.527,0.8485,0.0431,32.85
12990539.0,0.02,0.1,-0.99,0.0,1.77,0.3,85.97,136.23,-28.51,0.0203,0.5271,0.8485,0.0431,32.25
12990551.0,0.01,0.1,-0.97,0.06,1.34,0.3,86.87,136.38,-28.36,0.0203,0.5271,0.8485,0.0431,32.5
12990563.0,-0.01,0.1,-0.98,0.18,0.85,0.37,85.82,138.93,-28.06,0.0203,0.5271,0.8485,0.0431,31.7
12990575.0,-0.04,0.1,-1.01,0.12,0.55,0.24,86.27,136.98,-27.46,0.0203,0.5271,0.8485,0.043,32.2
12990587.0,-0.06,0.1,-1.0,0.24,0.67,0.24,85.07,137.43,-28.06,0.0202,0.5271,0.8484,0.043,31.76
12990599.0,-0.06,0.09,-1.02,0.12,1.04,0.43,86.27,136.53,-28.51,0.0202,0.5272,0.8484,0.043,32.29
12990611.0,-0.05,0.09,-1.02,0.18,1.46,0.18,86.87,138.18,-28.36,0.0202,0.5272,0.8484,0.043,32.16
12990623.0,-0.02,0.09,-1.03,0.18,1.83,0.49,85.82,136.08,-28.06,0.0203,0.5272,0.8484,0.043,32.24
